<?xml version="1.0" encoding="UTF-8"?>
<beans xmlns="http://www.springframework.org/schema/beans"
	xmlns:xsi="http://www.w3.org/2001/XMLSchema-instance"
	xmlns:context="http://www.springframework.org/schema/context"
	xmlns:mvc="http://www.springframework.org/schema/mvc"
	xsi:schemaLocation="
		http://www.springframework.org/schema/beans
    	http://www.springframework.org/schema/beans/spring-beans.xsd
    	http://www.springframework.org/schema/context
    	http://www.springframework.org/schema/context/spring-context.xsd
    	http://www.springframework.org/schema/mvc
        http://www.springframework.org/schema/mvc/spring-mvc.xsd">
        
        <context:component-scan base-package="com.greatlearning.CustomerRelationshipManagement"/>
        
        <bean name="viewResolver" class="org.springframework.web.servlet.view.InternalResourceViewResolver">
	        <property name="viewClass" value="org.springframework.web.servlet.view.JstlView"/>
	        <property name="prefix" value="/WEB-INF/views/"/>
	        <property name="suffix" value=".jsp"/>
        </bean>
        
        <bean id="dataSource" class="org.springframework.jdbc.datasource.DriverManagerDataSource">
	        <property name="driverClassName" value="com.mysql.jdbc.Driver"/>
	        <property name="url" value="jdbc:mysql://localhost:3306/customer_database"/>	        
	        <property name="username" value="root"/>
	        <property name="password" value="kinkar111"/>
        </bean>

        <bean id="sessionFactory" class="org.springframework.orm.hibernate5.LocalSessionFactoryBean">
        <property name="dataSource" ref="dataSource"/>
        <property name="annotatedClasses">
        <list>
	       <value>com.greatlearning.CustomerRelationshipManagement.entity.Customer</value>	       
	       </list>	       
        </property>
        <property name="hibernateProperties">
			<props>
		       	<prop key="hibernate.dialect">org.hibernate.dialect.MySQL8Dialect</prop>
		       	<prop key="hibernate.show_sql">true</prop>
		       	<prop key="hibernate.hbm2ddl.auto">update</prop>
	       </props>
	      </property>
        </bean>
         <bean id="hibernateTransactionManager" class="org.springframework.orm.hibernate5.HibernateTransactionManager">
        <property name="sessionFactory" ref="sessionFactory"/>
        </bean>
 </beans>